{
  "version": 1,
  "author": "Anonymous maker",
  "editor": "wokwi",
  "parts": [
    { "type": "wokwi-arduino-uno", "id": "uno", "top": 106.2, "left": -58.2, "attrs": {} },
    {
      "type": "wokwi-led",
      "id": "led1",
      "top": -118.8,
      "left": 167,
      "attrs": { "color": "blue" }
    },
    {
      "type": "wokwi-led",
      "id": "led2",
      "top": -118.8,
      "left": 13.4,
      "attrs": { "color": "red" }
    },
    {
      "type": "wokwi-led",
      "id": "led3",
      "top": -118.8,
      "left": 51.8,
      "attrs": { "color": "blue" }
    },
    {
      "type": "wokwi-led",
      "id": "led4",
      "top": -118.8,
      "left": 109.4,
      "attrs": { "color": "red" }
    },
    {
      "type": "wokwi-led",
      "id": "led5",
      "top": -118.8,
      "left": 224.6,
      "attrs": { "color": "red" }
    },
    {
      "type": "wokwi-resistor",
      "id": "r1",
      "top": -4.8,
      "left": 9.05,
      "rotate": 90,
      "attrs": { "value": "1000" }
    },
    {
      "type": "wokwi-resistor",
      "id": "r2",
      "top": -24,
      "left": 105.05,
      "rotate": 90,
      "attrs": { "value": "1000" }
    },
    {
      "type": "wokwi-resistor",
      "id": "r3",
      "top": -4.8,
      "left": 220.25,
      "rotate": 90,
      "attrs": { "value": "1000" }
    },
    {
      "type": "wokwi-resistor",
      "id": "r4",
      "top": -14.4,
      "left": 162.65,
      "rotate": 90,
      "attrs": { "value": "1000" }
    },
    {
      "type": "wokwi-resistor",
      "id": "r5",
      "top": -14.4,
      "left": 47.45,
      "rotate": 90,
      "attrs": { "value": "1000" }
    },
    {
      "type": "wokwi-led",
      "id": "led6",
      "top": -118.8,
      "left": -53.8,
      "attrs": { "color": "red" }
    },
    {
      "type": "wokwi-pushbutton",
      "id": "btn1",
      "top": 15.8,
      "left": -153.6,
      "attrs": { "color": "green" }
    },
    {
      "type": "wokwi-resistor",
      "id": "r6",
      "top": 42.65,
      "left": -59,
      "rotate": 180,
      "attrs": { "value": "10000" }
    },
    {
      "type": "wokwi-resistor",
      "id": "r7",
      "top": -24,
      "left": -48.55,
      "rotate": 90,
      "attrs": { "value": "560" }
    }
  ],
  "connections": [
    [ "led2:A", "r1:1", "green", [ "v0" ] ],
    [ "r1:2", "uno:6", "green", [ "h0" ] ],
    [ "led3:A", "r5:1", "green", [ "v0" ] ],
    [ "r5:2", "uno:5", "green", [ "h0" ] ],
    [ "led4:A", "r2:1", "green", [ "v0" ] ],
    [ "r2:2", "uno:4", "green", [ "h0" ] ],
    [ "led1:A", "r4:1", "green", [ "v0" ] ],
    [ "r4:2", "uno:3", "green", [ "h0" ] ],
    [ "led5:A", "r3:1", "green", [ "v0" ] ],
    [ "r3:2", "uno:2", "green", [ "h0" ] ],
    [ "led2:C", "led3:C", "green", [ "v0" ] ],
    [ "led3:C", "led4:C", "green", [ "v0" ] ],
    [ "led4:C", "led1:C", "green", [ "v0" ] ],
    [ "led1:C", "led5:C", "green", [ "v0" ] ],
    [ "led2:C", "uno:GND.1", "green", [ "v0" ] ],
    [ "led6:A", "r7:1", "green", [ "v0" ] ],
    [ "r7:2", "uno:12", "green", [ "h0" ] ],
    [ "led2:C", "led6:C", "green", [ "v0" ] ],
    [ "btn1:2.r", "r6:2", "green", [ "h0" ] ],
    [ "r6:1", "uno:7", "green", [ "v0" ] ],
    [ "btn1:1.r", "led6:C", "green", [ "v0" ] ]
  ],
  "dependencies": {}
}